{"_id":{"$oid":"5bc51d246daf1fa012f96ac4"},"name":"de la fuente","description":"Musica trap folclorika","image":"BrCqHUmPBfO82o37avWmTEXa.png"}
{"_id":{"$oid":"5bc62335399820158717dd14"},"image":"f3QteeSMtJmLbCnemz6OVqIc.png","__v":0,"description":"test","name":"test"}
{"_id":{"$oid":"5bc623e9399820158717dd15"},"name":"xtremo","description":"rock español","image":"ceWFyq7Tw6QSbTJ3Iwrqlwap.png","__v":0}
{"_id":{"$oid":"5bf6f6ee7abddf161e05689a"},"name":"a probar","description":"prueba","image":"YV_n_2C57w6l6WWsayBg1gHX.png","__v":0}
{"_id":{"$oid":"5bf6f869a4d2db1726418eab"},"name":"otra prueba","description":"otra mas","image":"hqReGOURL1zyqyftm35B8nbd.png","__v":0}
